{
    "w_trend": 0.17930169359622677,
    "w_sniper": 0.18611133899117932,
    "w_quant": 0.14475307256476638,
    "w_pattern": 0.1234209839654426,
    "w_cycle": 0.13795694184432306,
    "w_sd": 0.09373959461642399,
    "w_div": 0.11989552311342189,
    "w_kin": 0.031192905350438484,
    "threshold": 57.12834763756949,
    "chaos_threshold": 3.295682287417116
}